peoples,,,,,,,,,,,,,,,,,,,,,,,,,,,,,,,,,,,,,,,,,,,,,,,
non0reo,06_pauline06,alexis_str78,alexxc,ambre.tll,aubindebouche,b_lilooy,butterfly.lover,camillee_sht,alexandrepla,charlouuw,claraaadiaz,clprtgl78,evavannn,flobichou,guillaume_95,ilanmstr,ilian_me,ilianniversaire,ines.brh05,itaygon,jdw_mino,l.o.r.i_vssr,lanaeva_p,lilian_brsst,liwi_i,lulu_caline,mabyyyi,maeva_zhr,marie_dcn,mferre31,mmarine_06,mrcalin,naominerale,nath_b_l,petit._.coeur,rayou_le_loulou,roathn347,sachargetkt,sarah.vhs,selyan_avec_un_s,shainamgl,sonia_zarr,theo_doingthings,thimdlln,todoroni66,valentin_r0bert,zephyst
06_pauline06,aubindebouche,camillee_sht,claraaadiaz,evavannn,flobichou,guillaume_95,ilian_me,ines.brh05,itaygon,lilian_brsst,mabyyyi,marie_dcn,mmarine_06,roathn347,sachargetkt,todoroni66,Istienne9,amel1877,av.xxa,griwech,mg_sr,nicol_rla,sar.lmrb,t7ff3nn,,,,,,,,,,,,,,,,,,,,,,,
alexis_str78,alexxc,ambre.tll,aubindebouche,butterfly.lover,camillee_sht,charlouuw,clprtgl78,ilianniversaire,naominerale,rayou_le_loulou,sachargetkt,sarah.vhs,valentin_r0bert,zephyst,,,,,,,,,,,,,,,,,,,,,,,,,,,,,,,,,
alexxc,alexis_str78,ambre.tll,aubindebouche,butterfly.lover,clprtgl78,ilianniversaire,naominerale,rayou_le_loulou,sachargetkt,sarah.vhs,,,,,,,,,,,,,,,,,,,,,,,,,,,,,,,,,,,,,
ambre.tll,alexxc,aubindebouche,butterfly.lover,clprtgl78,ilianniversaire,naominerale,rayou_le_loulou,sachargetkt,sarah.vhs,zephyst,seulement.oblivion,xorxth,yuubel,lennamon,lisaa4031,misterimran,coco.ds,cpasoc,julianecll,kilyan.cht,,,,,,,,,,,,,,,,,,,,,,,,,,,
aubindebouche,06_pauline06,alexis_str78,alexxc,ambre.tll,butterfly.lover,camillee_sht,alexandrepla,clprtgl78,ilian_me,ilianniversaire,ines.brh05,liwi_i,naominerale,rayou_le_loulou,sachargetkt,sarah.vhs,selyan_avec_un_s,thimdlln,valentin_r0bert,zephyst,,,,,,,,,,,,,,,,,,,,,,,,,,,
b_lilooy,,,,,,,,,,,,,,,,,,,,,,,,,,,,,,,,,,,,,,,,,,,,,,,
butterfly.lover,alexxc,ambre.tll,aubindebouche,charlouuw,clprtgl78,ilianniversaire,naominerale,rayou_le_loulou,sachargetkt,sarah.vhs,sonia_zarr,777hm00d,ashjones1478,axedbd,carla_cmn,cloclolbc,clwnd,coco.ds,danielaasilva13,datfastboi,ellea.dlr,enzoruark,etrithon,gab.trrs,heavenslayerrr,julianeccll,lisaa4031,mariiie_bl,misterimran,ness_270,,,,,,,,,,,,,,,,,
camillee_sht,06_pauline06,alexis_str78,aubindebouche,claraaadiaz,clprtgl78,evavannn,flobichou,guillaume_95,ilian_me,ines.brh05,itaygon,lilian_brsst,marie_dcn,mferre31,mmarine_06,mrcalin,petit._.coeur,roathn347,sachargetkt,sarah.vhs,manon.sht,jz_972,lynnee_mrt,maiwenn17,mama.lrle,yazhno,zoeatrd,4cdvr,ali_cas,clara.ld6,,,,,,,,,,,,,,,,,
alexandrepla,aubindebouche,rayou_le_loulou,sachargetkt,theo_doingthings,valentin_r0bert,amel_432,anaislac,angie_pepito,gabiiireg,jeremy84,lilinecns,melvyn_rx,tristanquoi,,,,,,,,,,,,,,,,,,,,,,,,,,,,,,,,,,
charlouuw,alexxc,butterfly.lover,ilianniversaire,sarah.vhs,misterimran,julianecll,lisaa4031,mariiie_bl,mgrange951,,,,,,,,,,,,,,,,,,,,,,,,,,,,,,,,,,,,,,
claraaadiaz,06_pauline06,camillee_sht,evavannn,flobichou,guillaume_95,ilian_me,ines.brh05,itaygon,jdw_mino,lilian_brsst,lulu_caline,mabyyyi,marie_dcn,mmarine_06,mrcalin,nath_b_l,petit._.coeur,roathn347,todoroni66,jz_972,nmelas21,rasida_tbl,4faff,amber.cai,anais_d5,avaalgt,colinelabadass,eryne.g,elsa.flo,,,,,,,,,,,,,,,,,,
clprtgl78,alexis_str78,alexxc,ambre.tll,aubindebouche,butterfly.lover,camillee_sht,ilianniversaire,naominerale,rayou_le_loulou,sachargetkt,sarah.vhs,zephyst,,,,,,,,,,,,,,,,,,,,,,,,,,,,,,,,,,,
evavannn,06_pauline06,camillee_sht,claraaadiaz,flobichou,guillaume_95,ilian_me,ines.brh05,itaygon,lilian_brsst,mabyyyi,marie_dcn,mmarine_06,petit._.coeur,roathn347,todoroni66,,,,,,,,,,,,,,,,,,,,,,,,,,,,,,,,
flobichou,06_pauline06,camillee_sht,claraaadiaz,evavannn,guillaume_95,ilian_me,ines.brh05,itaygon,jdw_mino,lilian_brsst,marie_dcn,mmarine_06,mrcalin,roathn347,todoroni66,charbit.n,le_jeanfab,rasida_tbl,,,,,,,,,,,,,,,,,,,,,,,,,,,,,
guillaume_95,06_pauline06,camillee_sht,claraaadiaz,evavannn,flobichou,ilian_me,ines.brh05,maeva_zhr,marie_dcn,mmarine_06,djamhsn,eryne.g,mg_sr,naelsadoun,t7ff3nn,toxic.o.co,,,,,,,,,,,,,,,,,,,,,,,,,,,,,,,
ilanmstr,theo_doingthings,,,,,,,,,,,,,,,,,,,,,,,,,,,,,,,,,,,,,,,,,,,,,,
ilian_me,06_pauline06,aubindebouche,camillee_sht,claraaadiaz,evavannn,flobichou,guillaume_95,ines.brh05,itaygon,jdw_mino,lilian_brsst,lulu_caline,mabyyyi,marie_dcn,mmarine_06,mrcalin,nath_b_l,petit._.coeur,roathn347,todoroni66,,,,,,,,,,,,,,,,,,,,,,,,,,,
ilianniversaire,alexxc,ambre.tll,aubindebouche,butterfly.lover,charlouuw,clprtgl78,naominerale,rayou_le_loulou,sachargetkt,sarah.vhs,zephyst,camole16,liseusekobo,misterimran,seanatchu,,,,,,,,,,,,,,,,,,,,,,,,,,,,,,,,
ines.brh05,06_pauline06,aubindebouche,camillee_sht,claraaadiaz,evavannn,flobichou,guillaume_95,ilian_me,mabyyyi,maeva_zhr,marie_dcn,mferre31,mmarine_06,petit._.coeur,roathn347,shainamgl,,,,,,,,,,,,,,,,,,,,,,,,,,,,,,,
itaygon,06_pauline06,camillee_sht,claraaadiaz,evavannn,flobichou,ilian_me,lilian_brsst,lulu_caline,mmarine_06,,,,,,,,,,,,,,,,,,,,,,,,,,,,,,,,,,,,,,
jdw_mino,claraaadiaz,flobichou,ilian_me,todoroni66,,,,,,,,,,,,,,,,,,,,,,,,,,,,,,,,,,,,,,,,,,,
l.o.r.i_vssr,,,,,,,,,,,,,,,,,,,,,,,,,,,,,,,,,,,,,,,,,,,,,,,
lanaeva_p,,,,,,,,,,,,,,,,,,,,,,,,,,,,,,,,,,,,,,,,,,,,,,,
lilian_brsst,06_pauline06,camillee_sht,claraaadiaz,evavannn,flobichou,ilian_me,itaygon,,,,,,,,,,,,,,,,,,,,,,,,,,,,,,,,,,,,,,,,
liwi_i,aubindebouche,thimdlln,valentin_r0bert,,,,,,,,,,,,,,,,,,,,,,,,,,,,,,,,,,,,,,,,,,,,
lulu_caline,claraaadiaz,ilian_me,itaygon,,,,,,,,,,,,,,,,,,,,,,,,,,,,,,,,,,,,,,,,,,,,
mabyyyi,06_pauline06,claraaadiaz,evavannn,ilian_me,ines.brh05,roathn347,auror.ree,benjamnb7,maia78,rasida_tbl,romain_.ykm,sousou.asl,,,,,,,,,,,,,,,,,,,,,,,,,,,,,,,,,,,
maeva_zhr,guillaume_95,ines.brh05,mferre31,mmarine_06,roathn347,,,,,,,,,,,,,,,,,,,,,,,,,,,,,,,,,,,,,,,,,,
marie_dcn,06_pauline06,camillee_sht,claraaadiaz,evavannn,flobichou,guillaume_95,ilian_me,ines.brh05,mferre31,roathn347,alicee.dpd,aliciabarraud,anna.rsy,bene.dcqnd,griwech,juliie.d,kloo_o,m4i.nn,majdou7,mg_sr,mintspoetry,stab_me,tia_da,,,,,,,,,,,,,,,,,,,,,,,,
mferre31,camillee_sht,ines.brh05,maeva_zhr,marie_dcn,mmarine_06,,,,,,,,,,,,,,,,,,,,,,,,,,,,,,,,,,,,,,,,,,
mmarine_06,06_pauline06,camillee_sht,claraaadiaz,evavannn,flobichou,guillaume_95,ilian_me,ines.brh05,itaygon,maeva_zhr,mferre31,mrcalin,nath_b_l,roathn347,,,,,,,,,,,,,,,,,,,,,,,,,,,,,,,,,
mrcalin,camillee_sht,claraaadiaz,flobichou,ilian_me,mmarine_06,roathn347,,,,,,,,,,,,,,,,,,,,,,,,,,,,,,,,,,,,,,,,,
naominerale,alexis_str78,alexxc,ambre.tll,aubindebouche,butterfly.lover,clprtgl78,ilianniversaire,rayou_le_loulou,sachargetkt,sarah.vhs,zephyst,clwnd,flopyeah,lennamon,lisaa4031,sachauya,,,,,,,,,,,,,,,,,,,,,,,,,,,,,,,
nath_b_l,claraaadiaz,ilian_me,ines.brh05,mmarine_06,roathn347,,,,,,,,,,,,,,,,,,,,,,,,,,,,,,,,,,,,,,,,,,
petit._.coeur,camillee_sht,claraaadiaz,evavannn,ilian_me,ines.brh05,shainamgl,,,,,,,,,,,,,,,,,,,,,,,,,,,,,,,,,,,,,,,,,
rayou_le_loulou,alexis_str78,alexxc,ambre.tll,aubindebouche,butterfly.lover,alexandrepla,clprtgl78,ilianniversaire,naominerale,sachargetkt,sarah.vhs,valentin_r0bert,zephyst,,,,,,,,,,,,,,,,,,,,,,,,,,,,,,,,,,
roathn347,06_pauline06,camillee_sht,claraaadiaz,evavannn,flobichou,ilian_me,ines.brh05,mabyyyi,maeva_zhr,marie_dcn,mmarine_06,mrcalin,nath_b_l,,,,,,,,,,,,,,,,,,,,,,,,,,,,,,,,,,
sachargetkt,06_pauline06,alexis_str78,alexxc,ambre.tll,aubindebouche,butterfly.lover,camillee_sht,alexandrepla,clprtgl78,ilianniversaire,naominerale,rayou_le_loulou,sarah.vhs,sonia_zarr,valentin_r0bert,zephyst,pebbleingame,seulement.oblivion,yuubel,lennamon,lisaa4031,mariiie_bl,marta_gms78,misterimran,coco.ds,ema403,flocondeglace,julianecll,clwnd,alexandrepla,,,,,,,,,,,,,,,,,
sarah.vhs,alexis_str78,alexxc,ambre.tll,aubindebouche,butterfly.lover,camillee_sht,charlouuw,clprtgl78,ilianniversaire,naominerale,rayou_le_loulou,sachargetkt,zephyst,,,,,,,,,,,,,,,,,,,,,,,,,,,,,,,,,,
selyan_avec_un_s,aubindebouche,theo_doingthings,valentin_r0bert,,,,,,,,,,,,,,,,,,,,,,,,,,,,,,,,,,,,,,,,,,,,
shainamgl,ines.brh05,petit._.coeur,,,,,,,,,,,,,,,,,,,,,,,,,,,,,,,,,,,,,,,,,,,,,
sonia_zarr,butterfly.lover,sachargetkt,,,,,,,,,,,,,,,,,,,,,,,,,,,,,,,,,,,,,,,,,,,,,
theo_doingthings,alexandrepla,ilanmstr,selyan_avec_un_s,,,,,,,,,,,,,,,,,,,,,,,,,,,,,,,,,,,,,,,,,,,,
thimdlln,aubindebouche,liwi_i,valentin_r0bert,,,,,,,,,,,,,,,,,,,,,,,,,,,,,,,,,,,,,,,,,,,,
todoroni66,06_pauline06,claraaadiaz,evavannn,flobichou,ilian_me,jdw_mino,,,,,,,,,,,,,,,,,,,,,,,,,,,,,,,,,,,,,,,,,
valentin_r0bert,alexis_str78,aubindebouche,alexandrepla,liwi_i,rayou_le_loulou,sachargetkt,selyan_avec_un_s,thimdlln,,,,,,,,,,,,,,,,,,,,,,,,,,,,,,,,,,,,,,,
zephyst,alexis_str78,ambre.tll,aubindebouche,clprtgl78,ilianniversaire,naominerale,rayou_le_loulou,sachargetkt,sarah.vhs,anna_vgnn,camole16,cloclolbc,clwnd,dvxna,e1000ouch,ema403,jijun_no,ju.mscc,lcbls,lenyr,lil.dvx,millachristale,moongyu,sacha.brna,seulement.oblibion,simon.brct,tiptser,,,,,,,,,,,,,,,,,,,,
emmabrtr,lunadspc,maevaa.zhr,majdou7,mferre31,mmarine_06,ines.brh05,insaf.952,chedidmarvin,,,,,,,,,,,,,,,,,,,,,,,,,,,,,,,,,,,,,,,
sash_benbe,e_m_m__a,ely.a_d,emilie.lca,emmeuuh,enz0.95,erwannchn23,eryne.g,achibbre,al.mln5,anaislmp,anou_ckk,bl.lfrg,cd.bn,,,,,,,,,,,,,,,,,,,,,,,,,,,,,,,,,,